도시이름,날짜,요일한글,방문객한글,방문자수
김제시,20210101,금요일,외지인(b),24406 
김제시,20210102,토요일,외지인(b),25995 
김제시,20210103,일요일,외지인(b),22351 
김제시,20210104,월요일,외지인(b),18893 
김제시,20210105,화요일,외지인(b),19936 
김제시,20210106,수요일,외지인(b),19107 
김제시,20210107,목요일,외지인(b),12478 
김제시,20210108,금요일,외지인(b),15799 
김제시,20210109,토요일,외지인(b),21032 
김제시,20210110,일요일,외지인(b),21189 
김제시,20210111,월요일,외지인(b),17966 
김제시,20210112,화요일,외지인(b),19691 
김제시,20210113,수요일,외지인(b),21732 
김제시,20210114,목요일,외지인(b),22995 
김제시,20210115,금요일,외지인(b),24584 
김제시,20210116,토요일,외지인(b),30377 
김제시,20210117,일요일,외지인(b),27850 
김제시,20210118,월요일,외지인(b),17444 
김제시,20210119,화요일,외지인(b),21592 
김제시,20210120,수요일,외지인(b),24126 
김제시,20210121,목요일,외지인(b),23069 
김제시,20210122,금요일,외지인(b),24185 
김제시,20210123,토요일,외지인(b),32792 
김제시,20210124,일요일,외지인(b),33345 
김제시,20210125,월요일,외지인(b),25050 
김제시,20210126,화요일,외지인(b),21903 
김제시,20210127,수요일,외지인(b),24430 
김제시,20210128,목요일,외지인(b),21735 
김제시,20210129,금요일,외지인(b),23170 
김제시,20210130,토요일,외지인(b),32431 
김제시,20210131,일요일,외지인(b),32085 
김제시,20210201,월요일,외지인(b),20153 
김제시,20210202,화요일,외지인(b),21263 
김제시,20210203,수요일,외지인(b),21767 
김제시,20210204,목요일,외지인(b),22554 
김제시,20210205,금요일,외지인(b),25225 
김제시,20210206,토요일,외지인(b),32001 
김제시,20210207,일요일,외지인(b),31073 
김제시,20210208,월요일,외지인(b),23737 
김제시,20210209,화요일,외지인(b),25834 
김제시,20210210,수요일,외지인(b),31409 
김제시,20210211,목요일,외지인(b),55153 
김제시,20210212,금요일,외지인(b),81298 
김제시,20210213,토요일,외지인(b),53834 
김제시,20210214,일요일,외지인(b),32949 
김제시,20210215,월요일,외지인(b),21532 
김제시,20210216,화요일,외지인(b),22533 
김제시,20210217,수요일,외지인(b),18183 
김제시,20210218,목요일,외지인(b),21312 
김제시,20210219,금요일,외지인(b),27391 
김제시,20210220,토요일,외지인(b),37268 
김제시,20210221,일요일,외지인(b),37629 
김제시,20210222,월요일,외지인(b),27797 
김제시,20210223,화요일,외지인(b),27951 
김제시,20210224,수요일,외지인(b),28077 
김제시,20210225,목요일,외지인(b),25673 
김제시,20210226,금요일,외지인(b),30671 
김제시,20210227,토요일,외지인(b),42599 
김제시,20210228,일요일,외지인(b),40485 
김제시,20210301,월요일,외지인(b),22946 
김제시,20210302,화요일,외지인(b),22061 
김제시,20210303,수요일,외지인(b),25246 
김제시,20210304,목요일,외지인(b),23821 
김제시,20210305,금요일,외지인(b),28102 
김제시,20210306,토요일,외지인(b),34850 
김제시,20210307,일요일,외지인(b),34055 
김제시,20210308,월요일,외지인(b),25988 
김제시,20210309,화요일,외지인(b),27020 
김제시,20210310,수요일,외지인(b),28161 
김제시,20210311,목요일,외지인(b),28795 
김제시,20210312,금요일,외지인(b),25711 
김제시,20210313,토요일,외지인(b),39501 
김제시,20210314,일요일,외지인(b),37671 
김제시,20210315,월요일,외지인(b),27773 
김제시,20210316,화요일,외지인(b),28025 
김제시,20210317,수요일,외지인(b),29166 
김제시,20210318,목요일,외지인(b),30583 
김제시,20210319,금요일,외지인(b),32435 
김제시,20210320,토요일,외지인(b),32438 
김제시,20210321,일요일,외지인(b),35375 
김제시,20210322,월요일,외지인(b),29551 
김제시,20210323,화요일,외지인(b),30352 
김제시,20210324,수요일,외지인(b),30723 
김제시,20210325,목요일,외지인(b),32190 
김제시,20210326,금요일,외지인(b),34479 
김제시,20210327,토요일,외지인(b),37174 
김제시,20210328,일요일,외지인(b),34545 
김제시,20210329,월요일,외지인(b),30202 
김제시,20210330,화요일,외지인(b),36929 
김제시,20210331,수요일,외지인(b),36365 
김제시,20210401,목요일,외지인(b),28060 
김제시,20210402,금요일,외지인(b),37366 
김제시,20210403,토요일,외지인(b),34150 
김제시,20210404,일요일,외지인(b),32942 
김제시,20210405,월요일,외지인(b),27451 
김제시,20210406,화요일,외지인(b),27083 
김제시,20210407,수요일,외지인(b),26618 
김제시,20210408,목요일,외지인(b),27006 
김제시,20210409,금요일,외지인(b),30891 
김제시,20210410,토요일,외지인(b),46627 
김제시,20210411,일요일,외지인(b),44216 
김제시,20210412,월요일,외지인(b),21301 
김제시,20210413,화요일,외지인(b),23996 
김제시,20210414,수요일,외지인(b),26548 
김제시,20210415,목요일,외지인(b),28235 
김제시,20210416,금요일,외지인(b),28539 
김제시,20210417,토요일,외지인(b),42399 
김제시,20210418,일요일,외지인(b),40642 
김제시,20210419,월요일,외지인(b),27391 
김제시,20210420,화요일,외지인(b),28119 
김제시,20210421,수요일,외지인(b),28427 
김제시,20210422,목요일,외지인(b),30062 
김제시,20210423,금요일,외지인(b),30524 
김제시,20210424,토요일,외지인(b),46575 
김제시,20210425,일요일,외지인(b),43992 
김제시,20210426,월요일,외지인(b),28676 
김제시,20210427,화요일,외지인(b),28928 
김제시,20210428,수요일,외지인(b),27825 
김제시,20210429,목요일,외지인(b),29050 
김제시,20210430,금요일,외지인(b),31871 
김제시,20210501,토요일,외지인(b),38787 
김제시,20210502,일요일,외지인(b),40061 
김제시,20210503,월요일,외지인(b),26418 
김제시,20210504,화요일,외지인(b),26418 
김제시,20210505,수요일,외지인(b),41965 
김제시,20210506,목요일,외지인(b),27972 
김제시,20210507,금요일,외지인(b),32498 
김제시,20210508,토요일,외지인(b),58618 
김제시,20210509,일요일,외지인(b),49396 
김제시,20210510,월요일,외지인(b),24115 
김제시,20210511,화요일,외지인(b),24196 
김제시,20210512,수요일,외지인(b),27934 
김제시,20210513,목요일,외지인(b),29446 
김제시,20210514,금요일,외지인(b),31511 
김제시,20210515,토요일,외지인(b),38269 
김제시,20210516,일요일,외지인(b),29729 
김제시,20210517,월요일,외지인(b),24451 
김제시,20210518,화요일,외지인(b),31346 
김제시,20210519,수요일,외지인(b),47933 
김제시,20210520,목요일,외지인(b),25337 
김제시,20210521,금요일,외지인(b),28735 
김제시,20210522,토요일,외지인(b),43638 
김제시,20210523,일요일,외지인(b),39284 
김제시,20210524,월요일,외지인(b),28417 
김제시,20210525,화요일,외지인(b),27241 
김제시,20210526,수요일,외지인(b),29113 
김제시,20210527,목요일,외지인(b),27010 
김제시,20210528,금요일,외지인(b),28742 
김제시,20210529,토요일,외지인(b),43936 
김제시,20210530,일요일,외지인(b),42378 
김제시,20210531,월요일,외지인(b),28249 
김제시,20210601,화요일,외지인(b),25491 
김제시,20210602,수요일,외지인(b),25529 
김제시,20210603,목요일,외지인(b),21613 
김제시,20210604,금요일,외지인(b),29253 
김제시,20210605,토요일,외지인(b),41990 
김제시,20210606,일요일,외지인(b),37233 
김제시,20210607,월요일,외지인(b),25816 
김제시,20210608,화요일,외지인(b),26439 
김제시,20210609,수요일,외지인(b),26901 
김제시,20210610,목요일,외지인(b),28130 
김제시,20210611,금요일,외지인(b),27615 
김제시,20210612,토요일,외지인(b),41759 
김제시,20210613,일요일,외지인(b),39239 
김제시,20210614,월요일,외지인(b),26401 
김제시,20210615,화요일,외지인(b),25641 
김제시,20210616,수요일,외지인(b),28686 
김제시,20210617,목요일,외지인(b),28539 
김제시,20210618,금요일,외지인(b),29292 
김제시,20210619,토요일,외지인(b),43743 
김제시,20210620,일요일,외지인(b),40646 
김제시,20210621,월요일,외지인(b),29582 
김제시,20210622,화요일,외지인(b),30247 
김제시,20210623,수요일,외지인(b),28994 
김제시,20210624,목요일,외지인(b),30839 
김제시,20210625,금요일,외지인(b),32680 
김제시,20210626,토요일,외지인(b),42854 
김제시,20210627,일요일,외지인(b),39323 
김제시,20210628,월요일,외지인(b),29015 
김제시,20210629,화요일,외지인(b),29131 
김제시,20210630,수요일,외지인(b),29953 
김제시,20210701,목요일,외지인(b),25529 
김제시,20210702,금요일,외지인(b),28581 
김제시,20210703,토요일,외지인(b),35872 
김제시,20210704,일요일,외지인(b),32750 
김제시,20210705,월요일,외지인(b),23373 
김제시,20210706,화요일,외지인(b),20941 
김제시,20210707,수요일,외지인(b),21077 
김제시,20210708,목요일,외지인(b),24248 
김제시,20210709,금요일,외지인(b),29138 
김제시,20210710,토요일,외지인(b),40618 
김제시,20210711,일요일,외지인(b),37723 
김제시,20210712,월요일,외지인(b),25361 
김제시,20210713,화요일,외지인(b),26443 
김제시,20210714,수요일,외지인(b),27111 
김제시,20210715,목요일,외지인(b),27542 
김제시,20210716,금요일,외지인(b),30419 
김제시,20210717,토요일,외지인(b),40691 
김제시,20210718,일요일,외지인(b),36677 
김제시,20210719,월요일,외지인(b),26397 
김제시,20210720,화요일,외지인(b),28665 
김제시,20210721,수요일,외지인(b),29148 
김제시,20210722,목요일,외지인(b),29631 
김제시,20210723,금요일,외지인(b),32508 
김제시,20210724,토요일,외지인(b),42833 
김제시,20210725,일요일,외지인(b),38598 
김제시,20210726,월요일,외지인(b),30471 
김제시,20210727,화요일,외지인(b),28987 
김제시,20210728,수요일,외지인(b),29344 
김제시,20210729,목요일,외지인(b),30580 
김제시,20210730,금요일,외지인(b),34412 
김제시,20210731,토요일,외지인(b),44352 
김제시,20210801,일요일,외지인(b),34766 
김제시,20210802,월요일,외지인(b),26551 
김제시,20210803,화요일,외지인(b),26996 
김제시,20210804,수요일,외지인(b),28056 
김제시,20210805,목요일,외지인(b),27955 
김제시,20210806,금요일,외지인(b),29582 
김제시,20210807,토요일,외지인(b),37566 
김제시,20210808,일요일,외지인(b),34146 
김제시,20210809,월요일,외지인(b),26989 
김제시,20210810,화요일,외지인(b),27304 
김제시,20210811,수요일,외지인(b),27647 
김제시,20210812,목요일,외지인(b),27367 
김제시,20210813,금요일,외지인(b),30737 
김제시,20210814,토요일,외지인(b),39890 
김제시,20210815,일요일,외지인(b),42637 
김제시,20210816,월요일,외지인(b),36474 
김제시,20210817,화요일,외지인(b),27941 
김제시,20210818,수요일,외지인(b),27139 
김제시,20210819,목요일,외지인(b),28756 
김제시,20210820,금요일,외지인(b),31315 
김제시,20210821,토요일,외지인(b),29925 
김제시,20210822,일요일,외지인(b),38679 
김제시,20210823,월요일,외지인(b),23079 
김제시,20210824,화요일,외지인(b),23216 
김제시,20210825,수요일,외지인(b),26075 
김제시,20210826,목요일,외지인(b),30132 
김제시,20210827,금요일,외지인(b),26954 
김제시,20210828,토요일,외지인(b),42476 
김제시,20210829,일요일,외지인(b),35172 
김제시,20210830,월요일,외지인(b),29313 
김제시,20210901,수요일,외지인(b),23006 
김제시,20210902,목요일,외지인(b),25932 
김제시,20210903,금요일,외지인(b),30678 
김제시,20210904,토요일,외지인(b),47310 
김제시,20210905,일요일,외지인(b),39918 
김제시,20210906,월요일,외지인(b),24304 
김제시,20210907,화요일,외지인(b),25368 
김제시,20210908,수요일,외지인(b),29418 
김제시,20210909,목요일,외지인(b),30650 
김제시,20210910,금요일,외지인(b),33345 
김제시,20210911,토요일,외지인(b),49046 
김제시,20210912,일요일,외지인(b),44744 
김제시,20210913,월요일,외지인(b),30079 
김제시,20210914,화요일,외지인(b),31756 
김제시,20210915,수요일,외지인(b),32379 
김제시,20210916,목요일,외지인(b),31539 
김제시,20210917,금요일,외지인(b),31766 
김제시,20210918,토요일,외지인(b),53648 
김제시,20210919,일요일,외지인(b),67865 
김제시,20210920,월요일,외지인(b),83797 
김제시,20210921,화요일,외지인(b),102274 
김제시,20210922,수요일,외지인(b),52231 
김제시,20210923,목요일,외지인(b),32106 
김제시,20210924,금요일,외지인(b),33107 
김제시,20210925,토요일,외지인(b),44058 
김제시,20210926,일요일,외지인(b),41860 
김제시,20210927,월요일,외지인(b),30835 
